hashtag,likes
livros,560029
literatura,374586
eassimqueacaba,354301
livrosdefantasia,296982
netflix,277248
bridgerton,274346
bookstagram,259696
bookgram,255443
juliaquinn,254362
explorar,245983
companhiadasletras,244457
bridgertonnetflix,239258
ossegredosdecolinbridgerton,238538
season,238538
galerarecord,236215
colin,232218
penelope,232218
polin,232218
sarahjmaas,230317
editorarocco,225662
leitura,225342
livrosderomance,217816
fantasias,196070
literaturanacional,194711
cortedeespinhoserosas,193999
fantasia,193187
romance,178545
oprincipecruel,172940
rhysand,171783
colleenhoover,165189
hollyblack,159411
livrosemaislivros,157490
thecruelprince,157156
repost,151552
livroseleitura,139488
dicadeleitura,136248
booktok,134783
bookrecommendations,134472
itendswithus,133124
naoficçao,129042
viral,128658
memes,127782
eassimquecomeça,126158
oreiperverso,126129
arainhadonada,126129
thewickedking,126129
thequeenofnothing,126129
comediaromantica,120775
romances,111285
livrolgbt,110020
literaturabrasileira,108660
cortedenevoaefuria,105742
shondaland,105214
feyre,104965
ahipotesedoamor,101378
dicadelivro,99231
tronodevidro,92388
oavessodapele,92183
horror,91157
fanfic,91071
livrosdedrama,89368
dramas,87626
lilybloom,87626
romancesincriveis,87626
eassimquecomeçacapadura,87626
filmesromanticos,87626
itstartswithus,87626
throneofglass,87556
jude,84218
jurdan,83157
gothic,82940
goth,82940
meme,81002
fantasy,80224
acosf,78387
cortedegeloeestrelas,78387
feyrearcheron,78387
cortedeasaseruina,78387
ediçaodeluxo,77610
feyreandrhysand,77610
acourtofthornandroses,77610
romcom,76050
alihazelwood,73464
bizarro,73454
literaturacontemporanea,71764
igliterario,71202
oherdeiroroubado,71116
thestolenheir,70228
theprisonersthrone,70228
cardangreenbriar,70228
oak,70228
oakandwren,70228
judeandcardan,70228
opovodoar,70228
wren,70228
judeecardan,70228
thefolkoftheair,70228
acourtofthornsandroses,66818
naoacensura,66633
amorteoricamente,64797
xequemate,64797
livro,64754
noiva,63686
harrypotter,63080
odeioteamar,61420
arazaodoamor,61420
suspenses,61369
editoraparalela,60668
plantas,59915
viagem,59915
macabro,59915
inglaterra,59915
darksidebooks,59150
academiabrasileiradeletras,59133
ajudars,58855
emdefesadoslivros,58172
leiamais,56516
amoler,56325
leiagalerarecord,56208
instalivros,55026
romancedeepoca,54737
lendo,54408
amolivros,54145
ageraçaoansiosa,53575
prevenda,52588
lerfazbem,52070
livrosecitacoes,52070
estanteliteraria,52070
velaris,51570
thriller,50714
osbridgertons,49091
acotar,48870
bienaldolivro,48645
freetheanxiousgeneration,47835
psicologiasocial,47835
theanxiousgeneration,47835
jonathanhaidt,47835
veschwab,47386
thefolfofair,46997
livrosdesuspense,46948
darkromance,46822
ailtonkrenak,46130
book,43117
livrosnovos,41596
dicasdelivros,41205
historia,39966
taylorswift,39914
metgala,39887
euleioarqueiro,39495
cortedechamasprateadas,38924
livrohot,38315
darkacademia,36463
creepy,35629
amazon,34848
giudomingues,32624
cidadedaluacrescente,31869
casadeterraesangue,31869
casadeceuesopro,31869
casadechamaesombra,31869
suspense,31495
veritycrowford,30323
verity,30323
wattpad,29855
kindleamazon,29742
avidainvisiveldeaddielarue,29169
livrosinfantis,28838
autoconhecimento,28153
diadasmaes,27545
bride,27490
dicamacabra,27431
romcombooks,27373
archeronsisters,27355
corte,27355
cortedeasaseruinas,27355
acourtofthrornsandroses,27355
aacourtofmistandfury,27355
acotaradaptation,27355
raphaelmontes,27095
adam,26394
olive,26394
pennywise,26241
biografia,26177
chucky,25740
cats,25740
vemai,25664
jefersontenorio,25550
lerparanaoesquecer,25345
conteudopatrocinado,25213
ainternetqueagentequer,25213
publicidade,25108
abl,25078
cinema,25019
editorarecord,24950
omegaverse,24914
euamofantasia,24834
jenniferlarmentrout,24410
desangueecinzas,24410
bienal,24132
romancelgbt,24035
poesia,24030
umafamiliafeliz,23876
diamundialdolivro,23479
michaelmyers,23015
stefanovolp,22974
sociologia,22868
thetorturedpoetsdepartment,22758
plataforma,22686
bookstan,22613
diy,22348
herdeirodastrevas,22283
ascensaodastrevas,22283
catsofinstagram,22275
liliaschwarcz,22008
imortaldaabl,22008
madonna,21812
lygiafagundestelles,21385
literaturajovem,21249
freddykrueger,21245
behindthescenes,21232
crescentcity,21222
romanceparanormal,21133
editoraarqueiro,21132
editorawish,21089
tudopelojogo,21072
ya,21058
osegredodaslarvas,20957
fantasiagotica,20796
veruseditora,20786
romancebooks,20732
romanceentremulheres,20699
ofantasmadaopera,20699
altafantasia,20699
thrillerpsicologico,20248
claricelispector,20203
booktokbrasil,20067
publi,19933
cc,19333
livrosfantasticos,19157
p,18967
elenaarmas,18217
osfrageisfiosdopoder,18217
boxbridgerton,18060
thecelebrationtour,17650
grupoeditorialrecord,17479
darkheir,16978
darkrise,16978
liberteageracaoansiosa,16963
avareid,16934
norasakavic,16536
livrosincriveis,16482
bridealihazelwood,16478
gatos,16465
gato,16128
lançamentos,15994
books,15964
premiocamoes,15929
liçoessobreafogamentos,15764
rivaisacademicos,15764
mundodasfadas,15764
jogosvorazes,15762
acotarbrasil,15513
oscar,15505
m,15207
kevinday,15154
thefoxholecourt,15154
andrewminyard,15154
neiljosten,15154
palmettostate,15154
corvo,15143
animaisexoticos,15143
edgarallanpoe,15143
manga,15139
oacordo,15104
ellekennedy,14961
leiamulheres,14869
offcampus,14521
ler,14421
husky,14224
anahuang,14083
editorabestseller,14058
livrosparalerem,14011
cardan,13990
enemiestolovers,13903
aelingalathynius,13890
boxpottermore,13822
stephenking,13766
editorazahar,13566
assustador,13539
ocasteloanimado,13493
literaturanegra,13430
carolinadejesus,13430
suspensethriller,13381
suspensebooks,13381
lancamento,13296
livrosnacionais,13291
parceiros,13128
emmacobraeagarotadeoutradimensao,12793
leitores,12725
cruelprince,12634
threadsofpower,12634
literaturafantastica,12526
distopia,12476
distopiasliterarias,12476
livrosdistopicos,12476
romancesdehoje,12417
comendiaromantica,12396
umexperimentodeamoremnovayork,12396
umafarsadeamornaespanha,12396
amoremjogo,12396
amoresimprovaveis,12298
classicoszahar,12264
quotes,12259
amylea,12190
trilogia,12176
fa,12168
fandom,12168
babyreindeer,12161
beberena,12161
tropes,12110
ditaduranuncamais,11972
leiacomorgulho,11910
bookgrammer,11868
briaru,11856
caidaporvoce,11787
umasombranabrasa,11776
ilustralu,11713
arlindo,11713
editoraseguinte,11713
quartodedespejo,11625
oefeitograham,11603
valquirias,11569
azriel,11569
nestha,11569
cassian,11569
acotarbr,11569
warriorheart,11569
love,11493
folklore,11493
debut,11493
emilywibberley,11493
austinsiegemundbroka,11493
fearless,11493
thebreakuptour,11493
speaknow,11493
red,11493
aturnedocoraçaopartido,11493
midnights,11493
evermore,11493
reputation,11493
indigoayer,11404
terror,11394
boxes,11367
bienalbahia,11278
futuroancestral,11191
thegrahameffect,11163
campusdiaries,11163
bienaldolivrobahia,11146
reinodasfadas,11109
elfhame,11109
trilogias,11102
sagafamiliar,10941
crow,10904
raven,10904
mariafreitas,10876
poesiabrasileira,10821
abbyjimenez,10773
tronodevidr,10647
oxebaby,10504
cspacat,10352
romantasy,10351
deolhoemvoce,10341
setebruxaseumgatotemporario,10270
haeminsunim,10215
editoradelivros,10153
fantasybooks,9946
celaenasardothien,9946
diainternacionaldamulher,9933
bridgertoonnetflix,9706
editoraalfaguara,9591
reidoorgulho,9292
reisdopecado,9292
amaquinadogolpe,9259
classicosmodernos,9241
heloisastarling,9194
younetflix,9191
noivaalihazelwood,9187
adamcarlsen,9187
trend,9187
fbaa,9162
aguerradasduasrainhas,9162
frombloodandash,9162
umreinodecarneefogo,9162
umaluznachama,9162
coroadeossosdourados,9162
umaalmadesangueecinzas,9162
romancecontemporaneo,9139
lançamento,9104
kristinhannah,9024
booklover,8992
anosdogolpe,8952
polemicaliteraria,8919
thefolfof,8904
cançaodosossos,8890
livroinfantil,8888
swiftie,8880
reidaira,8763
democracia,8752
classicosdaliteratura,8750
classicoeclassico,8750
romantasia,8669
cozyfantasy,8665
asheroinas,8661
operaçaopaixao,8613
operacaopaixao,8613
beetlejuice,8509
jennaortega,8509
diadaliteraturabrasileira,8482
elaynabaeta,8482
annerice,8397
assassinosdaluadasflores,8374
raggedy,8351
cacaso,8320
nordeste,8257
sosriograndedosul,8250
aventura,8129
davidgrann,8118
kindle,8067
bienaldabahia,8067
diadobeijo,8028
jornadapedagogica,8002
frasedodia,7995
descubralivroscensurados,7935
leialivroscensurados,7935
bts,7877
leandrokarnal,7870
preconceitoumahistoria,7870
apenasamigos,7831
chasnewkeyburden,7772
literaturainfantil,7733
nobeldeliteratura,7695
livrosmaislivros,7642
penguincompanhia,7620
orgulhoepreconceito,7573
fantasiadeepoca,7573
studioghibli,7573
casteloanimado,7573
arianagrande,7554
kindleunlimited,7508
tudoquedeixamosinacabado,7496
rebeccayarros,7496
memesliterarios,7494
comediaromantrica,7439
carliewalker,7439
gaaoquadrado,7414
harrypotterbrasil,7414
jovemadulto,7375
christinalauren,7355
handpainted,7316
pintura,7316
darkside,7316
socorroacioli,7268
reels,7218
olegadodaviladostecidos,7215
asfilhasdaviladostecidos,7215
aviladostecidos,7215
annejacobs,7215
pontofinal,7186
asmeninas,7180
rodaviva,7095
leituras,7004
aprendizado,6985
itendswithusbook,6966
itendswithusmovie,6966
bookrecommendation,6957
maisfortequenunca,6957
brenebrown,6957
livrosdeepoca,6949
alejandrozambra,6943
diadosnamorados,6939
romancesafico,6928
adamgrant,6920
filmes,6920
theinvisiblelifeofaddielarue,6865
fasdelivro,6863
autores,6863
anos,6829
juliecaplin,6811
potencialoculto,6807
saudemental,6785
intermezzo,6766
sallyrooney,6766
livrosjovens,6761
indicacaodelivros,6736
cardio,6718
starwars,6718
romancepolicial,6714
apaixaosegundogh,6676
salvador,6650
romancehistorico,6636
medo,6567
fantasma,6567
brasil,6567
tesesobreumadomesticaçao,6532
camilasosavillada,6532
taylorjenkinsreid,6486
bookstagrammer,6475
ebooks,6466
ainsustentavellevezadoser,6410
derepente,6369
riograndedosul,6361
booktokbr,6357
casadark,6336
leitorescompulsivos,6324
wattpadbr,6324
shondarhimes,6320
trending,6289
familia,6243
emilyhenry,6227
novaediçao,6194
zonadeinteresse,6169
leitor,6149
sessaodatarde,6147
edwardscissorhands,6147
timburton,6147
quebrandoogelo,6084
literaturaestrangeira,6067
oraçaoparadesaparecer,6067
insight,6051
literaturamundial,6019
vestibular,6002
osbedwyns,5999
salmanrushdie,5950
entrevistacomovampiro,5927
sorayalane,5869
afilhaitaliana,5869
afilhacubana,5869
asfilhasperdidas,5869
morganakretzmann,5840
lyssakjayadams,5821
sarahadler,5821
ashleyhblake,5821
cliche,5821
tropesfavoritos,5821
comediasromanticas,5821
potencial,5790
maternidade,5778
literaturabrasileiraviva,5777
bomdiaveronica,5734
apaixaosegundoghofilme,5709
estreia,5709
diadamulher,5666
passeiocomogigante,5625
acabeçadosanto,5619
umtommaisescurodemagia,5583
tonsdemagia,5583
umencontrodesombras,5583
fiosdopoder,5583
umaconjuraçaodeluz,5583
cbl,5582
snel,5582
gentequeamalivro,5582
worldbookday,5582
ipa,5582
educaçao,5563
skeelo,5557
screammovie,5549
tattoo,5549
manganagalera,5540
anime,5540
mylovestorywithyamada,5540
quadrinhosnacia,5471
bemcomportadas,5465
hiddenpotential,5432
booksbooksbooks,5405
afeiradolivro,5398
fantasiaqueconforta,5379
literaturainfantojuvenil,5379
livrosfofos,5379
toveditlevsen,5377
publidothe,5343
newsletterliteraria,5305
mensagemnagarrafa,5305
fadelivro,5305
persuasao,5304
comodecifrarmentes,5304
mente,5304
kindlebrasil,5301
booklovers,5293
bl,5291
ailtonkrenakimortal,5256
literaturaindigena,5256
ideiasparaadiarofimdomundo,5256
avidanaoeutil,5256
mesdospovosindigenas,5256
rainhacharlotte,5225
queencharlotte,5225
feminismo,5167
hildahilst,5118
jennycolgan,5108
lucydiamond,5108
jillmansell,5108
powerless,5095
emjunho,5090
vietna,5059
euamofantasias,5038
lançamentosdemarço,5036
amusicadosilencio,4991
otemordosabio,4991
acronicadomatadordorei,4991
patrickrothfuss,4981
clubedolivrodoshomens,4964
lyssakayadams,4964
familialiteraria,4889
osrokesbys,4889
osravenels,4889
diainternacionaldafamilia,4889
oshathaways,4889
theerastour,4881
safico,4874
livrosafico,4874
harlancoben,4867
saude,4859
literaturaportuguesa,4851
parasempreseu,4829
partedoseumundo,4829
lucydillon,4826
leiapoesia,4728
diariodeumfilme,4728
distopianacional,4721
jimin,4715
jungkook,4715
suga,4715
jin,4715
v,4715
biografias,4715
beyondthestory,4715
jhope,4715
rm,4715
ahoradasbruxas,4683
preconceito,4682
luizestevam,4682
lendasjaponesas,4677
movimentolgbtq,4653
lgbtq,4653
lgbts,4653
literaturalgbtq,4653
petrobras,4645
amadurecimento,4645
vadetransportepublico,4645
culturagovbr,4645
petrobrascultural,4645
ahoradaestrela,4645
vitrinefilmes,4645
sessaovitrine,4645
classicosbrasileiros,4645
mulheresnocinema,4645
cinemanacional,4645
hotelmagnifique,4640
alexandrevidalporto,4639
poetachileno,4608
michellaub,4598
literaturapop,4596
sathanis,4558
ronyweasley,4549
romancehot,4545
fallen,4536
odiariodaprincesa,4536
feios,4536
diariosdevampiros,4536
literaturairlandesa,4495
osnaufragosdeweger,4483
clubedeapostascraven,4480
lisakleypas,4480
atequeconhecivoce,4480
sonhandocomvoce,4480
lançamentomundial,4469
parasemprehps,4469
diadospovosindigenas,4467
povosindigenas,4467
aguaturva,4441
cantinhodark,4427
osnumerosdoamor,4418
fantasiasincriveis,4408
historias,4375
seleçaodeparceiros,4359
influenciadoresdelivros,4359
parceirosdoger,4359
ger,4359
influenciadoresliterarios,4359
literaturamoçambicana,4352
literaturaangolana,4352
thewomen,4345
vidadeleitor,4333
bernardineevaristo,4265
asociedadedaneve,4244
audiolivro,4221
misssimpatia,4213
pascoa,4212
musica,4210
ajfinn,4184
editoraobjetiva,4178
vampiro,4175
trilogiadecopenhagen,4081
inspiraçao,4077
sorteio,4075
skoob,4060
ovodepascoa,4009
texaschainsaw,3951
filmesdeterror,3951
aelin,3944
yrenetowers,3944
chaolwestfall,3944
rowanwhitethorn,3944
acotarbrasiloficial,3944
acordapravidachloebrown,3941
livrosempromocao,3941
promocao,3941
ebooksderomance,3941
poema,3933
deferiascomvoce,3913
brunamitrano,3902
silvinaocampo,3886
bernardocarvalho,3864
ossubstitutos,3864
novenoites,3864
adaptaçoesliterarias,3861
junjiito,3823
fantasiaasiatica,3821
fence,3801
mariliagarcia,3789
disciplina,3787
listadelivros,3787
truecrime,3779
jason,3779
eraumavezumomega,3773
euvuo,3773
abo,3773
bruxaakata,3758
livrosdememorias,3746
rio,3744
evento,3733
pessoasnormais,3722
jonathanglazer,3719
vreditora,3704
maemeensinaaconversar,3689
brasilumabiografia,3662
caetanoveloso,3629
memoriapostumasdebrascubas,3615
brascubas,3615
machadodeassis,3615
florathomsondeveaux,3615
classicobrasileiro,3615
avidadoleitor,3614
pordentrodacompanhia,3612
centrodedistribuiçao,3612
jonfosse,3580
ebook,3556
brunabeber,3555
eucanaaferraz,3555
danielkahneman,3539
hellraiser,3539
pinhead,3539
literaturafrancesa,3515
remolupin,3513
osversossatanicos,3509
onomedovento,3506
looksoscar,3502
autoranacional,3459
hqs,3441
carolinamariadejesus,3433
umavenenodoceesombrio,3411
culturachinesa,3411
umamagiadestiladaemveneno,3411
taiwan,3411
china,3411
oslivrosdocha,3411
culturataiwanesa,3411
fantasiasdiversas,3411
bruxas,3407
checknmate,3404
xadrez,3404
yabooks,3404
trumancapote,3399
quote,3377
cinesubae,3372
iriskellynaonamora,3350
delilahgreennaoestanemai,3350
astridparkernuncafalha,3350
aempregada,3313
osbridgerton,3297
bridgertononnetflix,3297
opactodaagua,3284
viagemaportugal,3280
josesaramago,3280
bahia,3259
borachung,3244
fyp,3238
magia,3232
golpe,3230
meditaçoes,3228
milankundera,3222
divergente,3220
ficçao,3212
clubedeleitura,3188
estranhosanosmesmos,3188
oalienista,3188
gabrielaprioli,3188
rauljustelores,3180
arquitetura,3180
saopaulonasalturas,3180
arquiteturabrasileira,3180
design,3180
diariodeumbanana,3173
amulhernajanela,3165
leitoras,3162
trechosdelivros,3162
leitoresapaixonados,3162
btsbrasil,3162
livrosecafecomleite,3162
leitora,3162
fanficbts,3162
jikook,3162
audible,3155
duologiasfantasticas,3150
livrosdocha,3150
duologiaboreal,3150
livrosdefantasias,3150
tronodoprisioneiro,3150
editorasuma,3148
plottwist,3142
livroilustrado,3116
sorteiodelivros,3116
biografiailustrada,3116
wendyloggia,3116
ganhelivros,3116
marcoaurelio,3109
rebeccacarvalho,3100
saleaçucar,3100
latitude,3099
livronacional,3074
ruycastro,3073
literaturacontemporana,3070
academiabrasileiradasletras,3070
lgbtqia,3068
lançamentosdeabril,3054
abrahamverghese,3048
cançaodeossos,3035
daisyjonesandthesix,3009
lançamentosdemaio,3002
aturnedocoracaopartido,3002
ensino,3001
ufrgs,3001
leiturasobrigatorias,3001
tropesliterarias,2992
haminsunim,2986
pazinterior,2986
haemin,2986
frases,2986
darkfantasy,2956
animationart,2914
rotoscope,2914
illustration,2914
marighella,2908
mariomagalhaes,2908
abrilnacional,2896
slowburn,2895
nocalordomomento,2893
oestreitocaminhoentredesejos,2886
historiasderomance,2883
beachread,2883
leituradeverao,2883
lugarfeliz,2883
happyplace,2883
peoplewemeetonvacation,2883
loucosporlivros,2883
historiasromanticas,2883
guerreiraakata,2870
mae,2863
elaynebaeta,2838
osquatroventos,2807
orouxinol,2807
noitesdepeste,2805
editorafontanar,2790
mulheres,2790
leiturajovem,2786
shintarokago,2759
livrosemocionantes,2733
leminski,2727
srloverman,2727
pattismith,2716
jornalismo,2711
dopamina,2693
comportamentos,2693
hormonios,2693
euamofanatsia,2685
obosquedascoisasperdidas,2685
amaldiçaodomar,2685
sheaearnshaw,2685
yaoi,2674
mindfulness,2670
atençaoplena,2670
dicadelivros,2662
apequenapadariadobrooklyn,2629
drama,2619
fallofruinandwrath,2614
filme,2599
brunakalilothero,2596
apenasumamulherlatinoamericana,2592
diamundialdapoesia,2581
ressignificados,2581
akapoeta,2581
brunalombardi,2562
realismomagico,2560
filosofia,2554
nobelprize,2553
eaales,2553
ilanacasoy,2551
reflexoes,2550
gideon,2526
kristenciccarelli,2526
instabooks,2526
bruxa,2526
cacadorsemcoracao,2526
caçadorsemcoraçao,2526
rune,2526
duologia,2526
resultadoparceria,2516
serie,2512
festivalserrote,2496
estoicismo,2490
literaturamexicana,2470
sabrinajeffries,2460
escoladedebutantes,2460
umduqueparadiana,2460
oqueacontecenobaile,2460
wlw,2457
lgbt,2456
bernardosoares,2454
poesiaportuguesa,2454
livrododesassossego,2454
fernandopessoa,2454
exo,2446
twice,2446
mcfly,2446
albadecespedes,2430
memeliterario,2424
lucindariley,2415
harrywhittaker,2415
misterio,2384
amormaterno,2378
diainternacionaldolivroinfantil,2363
jamesbaldwin,2353
essagente,2315
irmaoalemao,2315
estorvo,2315
benjamim,2315
bambinoaroma,2315
chicobuarque,2315
anosdechumbo,2315
diadolivro,2315
leitederramado,2315
budapeste,2315
nosvemosameianoite,2314
poesianacional,2310
livrosparachorar,2307
agrandesolidao,2305
ossussurros,2300
emabril,2272
belomundoondevoceesta,2271
conversasentreamigos,2271
diadolivreiro,2270
hannahgrace,2260
brendalozano,2256
premionobeldeliteratura,2253
modativismo,2246
investigaçaocriminal,2232
investigacaocriminal,2232
modernismo,2225
quartoaberto,2214
tobiascarvalho,2214
umdenosestamentindo,2209
faca,2207
emmaio,2204
gracilianoramos,2197
indicaçao,2194
wager,2194
anotaçao,2194
promodelivros,2193
rocco,2178
curso,2165
sextante,2160
literaturatcheca,2157
tudobemficarcomraivadocapitalismo,2156
aesperança,2118
emchamas,2118
robertocalasso,2117
osnaufragosdowager,2115
freidamcfadden,2112
poesiacontemporanea,2107
livroslgbt,2106
harrypotterbooks,2096
harrypotterfan,2096
cozy,2091
azonadeinteresse,2067
martinsamis,2067
enchentesrs,2054
humanosexemplares,2050
julianaleite,2050
ohenryprize,2050
joaquimdealmeida,2049
luisnicolaupares,2049
literaturainsolita,2043
laylamartinez,2043
umpregonoespelho,2026
autor,1997
paulauster,1988
atrilogiadenovayork,1988
admiravelnovomundo,1981
bernardoesteves,1981
tempestadeselvagem,1975
beverlyjenkins,1975
ventosdemudança,1975
mulherespioneiras,1975
brisarebelde,1975
booktrailer,1968
livrosbrasileiros,1958
carolbarreto,1951
heloisamurgelstarling,1940
bonequinhadeluxo,1935
marilenachui,1935
cherry,1934
trisal,1934
transformaçao,1931
frizzy,1928
omitodoinstintomaterno,1927
chelseaconaboy,1927
segundaguerramundial,1922
sobreliteraturaehistoria,1920
amagicamortal,1918
umamulhernoescuro,1918
jantarsecreto,1918
diasperfeitos,1918
asseteirmas,1914
zahar,1909
euvouteencontrar,1909
instabook,1900
estudiogracinha,1887
claradrummond,1887
manugavassi,1887
oscoadjuvantes,1887
diariodaqueda,1878
davidjpphillips,1877
manuelacarneirodacunha,1875
sergiobuarquedeholanda,1875
liliamoritzschwarcz,1875
raizesdobrasil,1875
autoamor,1853
recordeducaçao,1853
crianças,1853
thespiderwickchronicles,1846
spiderwick,1846
tonyditterlizzi,1846
ascronicasdespiderwick,1846
spiderwickseries,1846
sophiederam,1842
caetanowgalindo,1839
lia,1839
leiaumlivro,1837
grifinoria,1837
sonserina,1837
lufalufa,1837
corvinal,1837
euamoler,1837
ficçaohistorica,1837
consciencia,1836
meditacao,1836
atençaoplenaprofunda,1836
pets,1825
enchente,1825
ajudahumanitaria,1825
soschuvas,1825
petstagram,1825
ciencia,1825
fanfiction,1825
steniogardel,1818
apalavraqueresta,1818
tempoderegresso,1816
ascoresdavida,1816
ascoisasquefazemosporamor,1816
alfaguara,1816
amigasparasempre,1816
bemestar,1815
nacional,1815
eva,1811
moda,1808
ativismo,1808
japao,1805
curiosidades,1804
boxdelivros,1801
pablovierci,1794
angelicafreitas,1794
umuteroedotamanhodeumpunho,1794
serrepublicadonobrasilcolonia,1787
linguagemdadestruiçao,1787
fortnight,1787
cienciaspoliticas,1787
abailarinadamorte,1787
amorproprio,1779
aidiota,1771
elifbatuman,1771
cassandraclare,1765
magisterium,1765
mulherakata,1765
omeninobruxa,1765
fantasiasjovens,1764
caiofernandoabreu,1760
triangulodasaguas,1760
antirracismo,1748
comoeueraantes,1742
sooamormachucaassim,1742
dicasdeleitura,1728
lgbtqiapn,1706
diadavisiblidadetrans,1706
agarotadinamarquesa,1706
destinosromanticos,1703
opequenocafedecopenhague,1703
clubesdeleitura,1701
literaturadecolonial,1695
estatudobem,1694
everythingsfine,1694
carismaepoder,1692
empreendedorismo,1687
empresas,1687
lideres,1687
berniesanders,1683
legendaacessivel,1680
experienciaaudible,1680
audiobook,1680
parasempreinterrompido,1679
evelynhugo,1679
foreverinterrupted,1679
a,1679
divulgaçaocientifica,1674
lucianyaparecida,1668
embreve,1667
parafasdebridgerton,1667
series,1666
asbruxasmayfair,1666
catarse,1663
martinamis,1652
martinpuchner,1639
literaturalatinomericana,1629
oescravo,1628
brincadeira,1618
esseouaquele,1618
umbertoeco,1601
seispasseiospelosbosquesdaficçao,1601
enfezadonuncamais,1582
jmcoetzee,1573
autodescoberta,1571
indicandolivros,1560
resenha,1560
beyonce,1554
cowboycarter,1554
portfoliopenguin,1542
biblia,1528
antigotestamento,1528
livrodesuspense,1526
desenvolvimentopessoal,1524
mocinhosdaparalela,1515
modativismoemacao,1513
romancebanhomaria,1513
historiaemquadrinhos,1513
ilustraçao,1513
ilustras,1513
anapaulaxongani,1513
graphicnovel,1513
transformacaosocial,1513
trabalhocriativo,1513
luciocardoso,1510
diamundialdasaude,1508
livrosparavitalidade,1508
mudançadevida,1508
osegredodaempregada,1507
alistadecoisassuspeitas,1492
netflixbrasil,1487
catbohannon,1487
literaturapolicial,1487
karenmmcmanus,1486
boxumdenosestamentindo,1486
thrillersuspense,1486
thrillerjovem,1486
umdenosestadevolta,1486
umdenoseoproximo,1486
ediçaoluxo,1485
capadura,1485
kvothe,1485
kote,1485
bast,1485
arvoredoraio,1485
fadas,1485
chandriano,1485
feluriana,1485
oentreitocaminhoentredesejos,1485
autoresnacionais,1483
stefaniestahl,1480
golpedemisericordia,1476
euamolivrosnacionais,1476
livrofisico,1475
festanocovil,1471
juanpablovillalobos,1471
nataliaginzburg,1464
aldoushuxley,1464
presente,1464
georgeorwell,1464
williamfaulkner,1464
emoutubro,1458
thehiddengirl,1458
hiddenbeauty,1458
tamaraklink,1457
nos,1457
oimpulso,1452
oouvidordobrasil,1449
suspensepsicologico,1448
indigoridge,1448
wokeuplikethis,1446
paredeengolirmitos,1440
opesodasdietas,1440
promoçao,1440
shelbymahurin,1439
oveuescarlate,1439
deusesmonstros,1439
sangueemel,1439
passaroeserpente,1439
mangas,1438
sodomita,1422
sergioyvaiaamerica,1422
cloro,1422
matiasnacidade,1422
pauloleminski,1419
chimamandangoziadichie,1419
podcast,1410
diadovendedordelivros,1405
cuba,1399
italia,1399
riodejaneiro,1395
oseculodasluzes,1387
manualdomundo,1385
foundfamily,1384
asociedadesupersecretadebruxasrebeldes,1384
mansaogallant,1384
ossetemaridosdeevelynhugo,1383
atocadasraposas,1382
ohomemnaoexiste,1377
fabianeguimaraes,1374
ocomprometido,1372
reidaganancia,1366
ideologiaecontraideologia,1362
literaturaeresistencia,1362
dialeticadacolonizaçao,1362
alfredobosi,1362
danielgoleman,1360
avoznasuacabeça,1360
ethankross,1360
ruidomental,1360
robertsapolsky,1360
cienciadocomportamento,1360
murielbarbery,1358
diadasmaesnaarqueiro,1352
dicasdepresente,1352
comportamento,1348
filhonativo,1338
richardwright,1338
acondessa,1334
asindecorosas,1334
retro,1328
aniversariorj,1327
quadrinhos,1324
playlist,1323
lylasage,1323
rebelblue,1323
doneanddusted,1323
empoderamento,1321
desconto,1319
stupidwife,1319
cupom,1319
you,1318
voce,1318
quartaasa,1316
doiserrosumacerto,1314
quandovocevoltar,1314
ocaminhoparacasa,1314
carlabe,1307
autoconfiança,1307
movimentopaubrasil,1306
manifestopaubrasil,1306
oswalddeandrade,1306
luisageisler,1304
roccocast,1301
leonoracarrington,1296
gwendolynbrooks,1296
shirleyjackson,1296
editoralafaguara,1296
fim,1292
fernandatorres,1292
globoplay,1292
ditaduramilitarbrasileira,1290
hogwarts,1281
politica,1279
classicos,1275
vidassecas,1275
angustia,1275
sbernardo,1275
longevidade,1270
bookish,1268
wicked,1265
cynthiaeviro,1265
umlugarparacoraline,1261
pagaraterra,1257
danariely,1249
desafiobookster,1228
viniciusdemoraes,1227
poemasmacabros,1227
escrever,1218
vidaliteraria,1218
vidadeautora,1218
yulleverso,1218
humorliterario,1218
literaturalgbt,1218
biologia,1217
incandescente,1217
harukimurakami,1216
ofimdomundoeoimpiedosopaisdasmaravilhas,1216
terciamontenegro,1212
leiturasdoinstagram,1206
americalatina,1202
freiddamcfadden,1201
osegredodaslarbas,1201
indicaçoesdelivros,1196
adaptacao,1194
daisyjonesethesix,1194
fantasiacontemporanea,1193
superpoderes,1193
fantasianacional,1193
tudopassara,1190
nelsonned,1190
andrebarcinski,1190
dicas,1181
sydneyswift,1174
liçoesssobreafogamentos,1170
aboliçaodaescravatura,1167
fantasiajovem,1164
blymanor,1154
sobrenatural,1154
pamrecomenda,1144
cadernoproibido,1134
umaguerraafroatlantica,1124
palmeirasselvagens,1124
cupim,1124
sallythorne,1118
improbablemeetcute,1118
sariahwilson,1118
jasmineguillory,1118
ashleyposton,1118
begoñagomezurzaiz,1117
juliopimentelpinto,1117
asabandonadoras,1117
literaturalatina,1114
clubedossobreviventes,1110
marybalogh,1110
pop,1108
pigmento,1108
akatawitch,1105
mitologiaafricana,1105
nnediokorafor,1105
ramitsethi,1096
comoficarrico,1096
resiliencia,1091
livrosdeaventura,1088
livrosdetruecrime,1088
zacidadeperdida,1088
joseluispeixoto,1085
friendstolovers,1079
imperfeitos,1077
judaismo,1070
ahistoriadosjudeus,1070
romancenacional,1067
mesdasmulheres,1066
protagonistaliterarias,1066
umocidentesequestrado,1065
bibliotecastephenking,1064
hirokatsukihara,1064
belezafatal,1064
eclipsetotal,1064
mangasjbc,1064
editorajbc,1064
doloresclaiborne,1064
addielarue,1062
flaviogomes,1062
quilombos,1062
flaviodossantosgomes,1062
historiabrasileira,1062
novayork,1061
thepush,1061
ashleyaudrain,1061
bigloura,1061
contos,1061
thewhispers,1061
ficcaopsicologica,1061
mnacompanhia,1055
christopherpaolini,1049
fractalverse,1049
dennislehane,1042
maesleitoras,1038
kenfollett,1034
romancesemocionantes,1030
amigosqueseapaixonam,1030
ofeitiçodoamor,1030
joaocabral,1027
odyr,1027
espumasflutuantes,1027
fogoverde,1027
osescravos,1027
marciliofrançacastro,1027
empoderamentoinfantil,1022
claribelortega,1022
empoderamentodecrianças,1022
beijaflorfilmes,1022
historiasemquadrinho,1022
afro,1022
quadrinhosdagalera,1022
cabeloscrespos,1022
c,1022
chimamanda,1021
americanah,1021
conversasnamadrugada,1020
endofstory,1019
hot,1013
sonhostropicais,1012
qci,1011
indicaçaodelivro,1008
companhianaeducacao,1004
amulhernacabine,995
ruthware,995
agathas,988
arquelana,984
formula,984
operacaopaddock,984
megafauna,979
iankershaw,979
mentalidade,979
viveroagora,979
eckharttolle,979
poderdoagora,979
osricoseospobres,977
orhanpamuk,974
osomdorugidodaonça,964
michelinyverunschk,964
caminhandocomosmortos,964
brevehistoriadoespirito,961
finanças,960
jamaicakincaid,959
sorteiosextante,959
tonimorrison,959
anniejohn,959
lydiafagundestelles,959
deusajudeessacriança,959
ciradadepedra,959
ostaiscaquinhos,959
zadiesmith,959
naterciapontes,959
comarmassonolentas,959
ritmolouco,959
carolasaavedra,959
airmadosol,957
airmadalua,957
airmadesaparecida,957
airmadaperola,957
airmadasombra,957
airmadatempestade,957
pasalt,957
thesevensistersseries,957
atlasahistoriadepasalt,957
atlas,957
oscars,954
entretenimento,952
criancainterior,949
psicologia,949
audiocompanhia,949
metadeleitura,944
appskoob,944
seriesfavoritas,944
comoescreverhistoriasdevida,937
liraneto,937
hardscifi,933
alienigena,933
oproblemadostrescorpos,933
corpos,933
cixinliu,933
oproblemados,933
scifi,933
arthurcclarke,933
extraterrestres,933
bodyproblem,933
liucixin,933
threebodyproblem,933
lightlark,928
nightbane,928
ovilarejo,927
apequenapousadadaislandia,926
normalpeople,926
arqueiro,925
xilogravura,922
cordel,922
premiojabuti,921
dicavalcanti,919
habitos,919
marcelobortoloti,919
artebrasileira,919
lizlawson,908
kathleenglasgow,908
editoraplataforma,908
extraordinarios,906
agarotadomar,906
meninobruxa,906
opeixemagico,906
historiaemquadrinho,906
sibilatrelawney,906
thegamblersofcravensseries,905
nobeldapaz,903
malala,903
malalanobrasil,903
malalayousafzai,903
coisasqueodeioemvoce,898
betterhatethannever,898
chloeliese,898
onaufrago,898
origem,898
sim,898
meuspremios,898
oimitadordevozes,898
extinçao,898
thomasbernhard,898
mestresantigos,898
twowrongsmakearight,898
antesodiodoquenada,898
questoesincendiarias,897
companhiadeverao,894
mulheresfortes,888
protagonistasfortes,888
sanguedourado,888
editoraeuphoria,883
democraciabrasileira,880
glowup,880
prioridade,880
essencialismo,880
dicaslivros,880
promo,874
isabelanoronha,873
alimentaçao,863
furias,860
desvendeomisterio,859
mandibuladecaim,859
crimesilustrados,859
livrojogo,859
csi,859
indigoescritora,858
livrosdaindigo,858
manualpraticodoodio,854
ferrez,854
diadolivroinfantil,854
thecelebrationtourinrio,847
boyslove,847
laszlokrasznahorkai,838
satantango,838
literaturahungara,838
formentor,838
corpo,835
corpofeminino,835
meditaçao,834
explorepage,830
readmorebooks,830
autoestima,830
diariodefridakahlo,821
ceciliamadonnayoung,821
livrosdiario,821
diarios,821
fridakahlo,821
annefrank,821
cortisol,816
endorfina,816
adrielbispo,816
oxitocina,816
serotonina,816
eventosincriveis,816
eventosliterarios,816
vanessareis,816
testosterona,816
bertaisla,814
literaturaespanhola,814
umaenciclopedianostropicos,814
tomasnevinson,814
javiermarias,814
ouou,812
babidewet,812
thalitarebouças,812
daquiacincoanos,812
navegaçao,809
oexerciciodaincerteza,806
estaçaocarandiru,806
medicina,806
drauziovarella,806
porumfio,806
ateoriadasjanelasquebradas,806
correr,806
romancejovem,804
bienalnabahia,803
fransdewaal,801
lavieenclose,799
inteligenciaartificialanossofavor,799
inteligenciaartificial,799
stuartrussell,799
trailer,794
diadorevisor,791
ossegredosdasophie,788
comermelhor,788
pilaresdasaudealimentar,788
belladonna,786
diogobercito,785
primevideo,778
apequenaconfeitariadeparis,777
ligiagonçalvesdiniz,770
psicanalise,770
livrosdemisterio,769
felizpascoa,767
vietthanhnguyen,765
noemijaffe,764
odecimoprimeiromandamento,764
escritaemmovimento,764
serfeliz,759
momentos,759
leiturasnacionais,757
leiturabrasileira,757
livrosdobrasil,757
alpacino,756
todososdiarios,755
chicofelitti,755
cronicadacasaassassinada,755
envelhecimento,755
trilogiadasalmas,751
adescobertadasbruxas,751
maelecomamor,749
thelistofsuspiciousthings,748
efeitograham,744
liberdadefinanceira,744
enciplopedia,741
montevideu,741
enriquevilamatas,741
livreiros,737
thrilerjovem,723
promiseboys,723
thrilerjuvenil,723
karenmcmanus,723
suspensejuvenil,723
arainhanegra,723
filmesdesuspense,723
udem,723
desinformaçao,721
fakenews,721
nuncaconfieemumageminiana,721
informaçao,721
romanceilustrado,720
asrtabutterwortheobaraolouco,720
bookstagran,718
livrosfavoritos,718
melhoreslivros,718
osimpatizante,714
amoresverdadeiros,713
atransiçaoinacabada,713
virginiamordida,713
seispasseiospelobosquedeficçao,713
livrosclassicos,707
unboxingbooks,706
vemler,706
afebre,705
marceloferroni,705
anapaulamaia,705
corpossecos,705
nataliaborgespolesso,705
osgrandescarnivoros,705
samirmachadodemachado,705
enterreseusmortos,705
opresidenteporno,695
mitologiagrega,695
grahameffect,693
leitoraderomance,693
ogauchoinsofrivel,691
osdetetivesselvagens,691
leiturasdeverao,691
robertobolaño,691
josegura,690
indianajones,690
laracroft,690
oscacadoresdocoracaoperdido,690
aestheticvideo,684
aesthetic,684
astronomia,683
processografico,682
processoeditorial,682
editoranacional,682
defendaolivro,682
editorial,682
multiplaescolha,680
avidaprivadadasarvores,680
livrodefantasia,680
mulhervidaliberdade,680
romanceabo,680
cartasaofilho,680
marjanesatrapi,680
formasdevoltarparacasa,680
bonsai,680
tudoqueagentesemprequis,675
emilygiffin,675
asmentirasquenosunem,675
jovemguarda,673
ensaio,673
nicolausevcenko,670
cormacmccarthy,670
benwilson,670
filhosdesangueeosso,670
bookgrambr,667
biologiahumana,664
robertmsapolsky,664
ciencias,664
comportese,664
guillaumeapollinaire,661
poesiafrancesa,661
zonaeoutrospoemas,661
saudeintestinal,658
ajudeoriograndedosul,657
ajudeors,657
poesianacompanhia,654
espalhepoesia,654
todapoesia,654
amor,653
podcastdaclarice,652
mitos,652
compulsaoalimentar,652
restriçaoalimentar,652
sagafamilia,651
memorias,651
audiblebr,651
ograndeuniversodeoliver,650
joesacco,650
ansiedade,649
rachellynnsolomon,646
crescimentopessoal,644
amanhaamanhaeaindaoutroamanha,644
elenaferrante,643
evidenciasdeumatraicao,643
literaturaitaliana,643
reportagem,639
diadojornalismo,639
criaturascrueis,638
sergiosantanna,636
deabril,636
hanna,633
neurociencia,632
brunocarazza,632
gatilhosemocionais,632
transtornodeansiedade,632
opaisdosprivilegios,632
companhidasletras,630
agendadasemana,630
capappecado,630
mulan,617
elaeocara,617
fredrikbackman,616
minisserie,614
bonniegarmus,614
umaquestaodequimica,614
appletv,614
novidades,612
oestreitocaminhoentredesejo,610
videocast,609
dinheiro,609
asdeespadas,608
historiadobrasil,605
lucasfigueiredo,605
otiradentes,605
osegredodaempregadaa,605
historiografia,605
pensedenovo,602
darereceber,602
originais,602
luizfernandocarvalho,601
mariafernandacandido,601
quiça,599
ograndeexperimento,597
yaschamounk,597
opovocontraademocracia,597
almoçodedomingo,591
gaydefamilia,590
guerra,582
louisferdinandceline,582
bbb,582
maisqueamigos,579
empedacos,579
comonumfilme,579
nocoracaodemanhattan,579
parasircomamor,579
laurenlayne,579
cultura,578
clubesafico,578
carriesotoestadevolta,576
carriesoto,576
ritmohumanegritico,574
cuti,574
encontrosinesperados,574
instaliterario,574
nikkigiovanni,572
emcartaz,567
paixaosegundogh,567
euleiosextante,564
faridah,564
tempodegraçatempodedor,563
francesdepontespeebles,563
entreirmas,563
marcelomedeiros,561
economia,561
desigualdade,561
insights,559
sabedoria,559
reflexao,559
parasempre,555
judyblume,555
relatodeumcertooriente,551
miltonhatoum,551
companhiadebolso,551
andreaabreu,547
valerialuiselli,547
romancesobrenatural,547
jorgebaronbiza,547
carmenmariamachado,547
odesertoesuasemente,547
arquivodascriançasperdidas,547
asconvidadas,547
pançadeburro,547
nacasadossonhos,547
adolfobioucesares,534
grafiasdevidaamorte,532
silvinosantiago,532
confiança,531
comofortalecersuaautoestima,531
oreidaira,529
saramago,528
portugal,528
umdia,525
talkingatthenight,525
porlugaresincriveis,525
omegaverseyaoi,519
olinda,517
eliseloehnen,517
sociedade,517
livrariadatravessa,517
pecadoscapitais,517
entrevista,517
fabriciocorsaletti,516
engenheirofantasma,516
markhyman,515
jovemparasempre,515
tonybellotto,512
ventoemsetembro,512
astrofisica,507
carlospereira,507
marcusandremelo,507
porqueademocraciabrasileiranaomorreu,507
meuamos,505
nilioz,505
amosoz,505
estreladamanha,504
karloveknausgard,504
mulheresnaliteratura,502
y,498
thetrueloveexperiment,498
oexperimentodoamorverdadeiro,498
sono,495
caçadoresdocoracaoperdido,495
insonia,495
sylviaplath,494
colmtoibin,494
thomasmann,494
bocadoinferno,494
anamiranda,494
ashoras,494
michaelcunningham,494
virginiawoolf,494
laurentbinet,494
elincullhead,494
oquartodegiovanni,491
senhordasmoscas,491
williamgolding,491
sogarotos,490
hbo,490
max,490
marceladantes,487
ventovazio,487
karenarmstrong,484
copacabanadreams,484
textossagrados,484
religiao,484
aarteperdidadasescrituras,484
respot,481
meucoraçaodizteunome,481
autoaceitaçao,480
aesthetics,477
helenhoang,477
cinebelasartes,476
umahoradefervor,473
adividaimpagavel,473
escrevendoaraça,467
caixapreta,467
matadoce,467
respost,466
thrillerpolicial,465
cursodeescrita,464
anoitedocrime,463
oclubedolivrodobunker,462
felizaniversario,460
aniversario,460
parabens,460
josedopatrocinio,458
andrerebouças,458
joaquimnabuco,458
panfletosabolicionistas,458
pasdedeux,451
tudoseilumina,450
ivanangelo,450
vidaaovivo,450
nightbornduet,446
nascidosdanoite,446
theserpentandthewingsofnight,446
aserpenteeasasasfeitasdenoite,446
carissabroadbent,446
coroasdenyaxia,446
crownsofnyaxia,446
vampire,446
cienciapolitica,444
moacyrscliar,443
lendomulheresnegras,438
osprofetas,438
robertjonesjr,438
diadamentira,436
mestredasnoitesemclaro,434
aherançadaorquideadivina,423
zoraidacordova,423
planetariodorio,421
rebeccaserle,421
prazosdevalidade,421
todosmenosvoce,416
muitobarulhopornada,416
ligliterario,416
marcelo,416
twowrongsdontmakearight,416
asgarotasqueeufui,415
meditacoes,415
thegirlsivebeen,415
tesssharpe,415
bookreel,410
umamaldiçaodourada,410
sindromedaboagarota,410
elizabethlim,410
osseisgrous,410
avalonbay,410
famadegarotama,410
livrossaficos,408
fantasmadaopera,408
caetanogalindo,407
hanyayanagihara,405
aoparaiso,405
umavidapequena,405
natharcuri,402
anaclaudiaquintanaarantes,402
eragon,401
murtagh,401
literaturaalema,399
jennyerpenbeck,399
euvoutuvaiselevai,399
naoentreempanico,398
oguiadomochileirodasgalaxias,398
douglasadams,398
peguesuatoalha,398
operigodeumahistoriaunica,398
ensaios,398
livrodecolorir,395
loba,394
paulaschiavon,394
robertamalta,394
calhamaço,394
bookstanbrasil,393
filhosdesangue,393
tesedemestrado,393
jorgeluisborges,392
adolfobioycasares,392
ficçaocientifica,392
bioyeborges,392
olhosdepixel,392
audiolivros,391
irmasbrown,391
diadafamilia,389
asvantagensdeservoce,389
robertotaddei,389
asegundamorte,389
confidenciasdeumaexpopular,389
finalmente,389
raytavares,389
elmavanvliet,389
mecontaasuahistoria,389
signosdevalentina,387
os,387
filhodotempo,384
ferreiragullar,381
adrianalisboa,380
quadrinhoscia,380
pnld,378
imprensa,377
mulhres,375
literaturaoriental,374
saficos,374
yuri,374
otaku,374
mangaka,374
girlslove,373
otribunal,373
ovoodalibelula,371
ninfeiasnegras,371
michelbussi,371
eudeviaestarsonhando,371
felipecabral,368
oprimeirobeijoderomeu,368
vinco,368
manoelasawitzki,368
ogostodaguerra,361
josehamiltonribeiro,361
concertobarroco,360
diadobibliotecario,360
ocerco,360
benjaminmoser,360
alejocarpenter,360
felizdiadasmaes,360
foco,355
caravanadococo,355
concentraçao,355
estudos,355
literaturaamericana,355
eua,355
colanapsiconutri,355
dicadeestudo,355
rotinadeestudos,355
procrastinaçao,355
killersoftheflowermoon,353
martinscorsese,353
evidenciasdeumatraiçao,353
assistaaolivro,353
ninguemquisver,347
jeanclaudebernardet,341
wetmacula,341
sabinaanzuategui,341
heloisajahn,341
poemasdeumnegrobrasileiro,339
oswaldodecamargo,339
ocarrodoexito,339
adescobertadofrio,339
carnaval,338
manifesto,337
ossegredosdamentemilionaria,335
organizaçaofinanceira,335
vidarica,335
mentemilionaria,335
sucesso,334
cesarepavese,334
czeslawmilosz,334
williamscarloswilliams,334
poesiaestrangeira,334
atempestadequecriamos,333
cartografiadosafetos,329
fontanar,329
gabioliveira,329
karinavieira,329
afetos,329
extremos,325
livreiro,325
williampyoung,324
theshack,324
acabana,324
atravessia,324
professorceny,319
saladeaula,319
vidadeprofessor,319
aconteceuemindigoridge,319
devenyperry,319
semanadoconsumidor,315
liacemvistasdomontefuji,315
cemvistasdomontefuji,315
ofertas,315
representatividade,313
insecure,310
maame,310
bolopreto,310
negritude,310
tiktokawards,310
institutoserrapilheira,307
umsacerdoteafricano,307
domingossodre,307
rosafreiredaguiar,304
jornalismoliterario,304
cronicas,304
frangocomameixas,300
persepolis,300
bordados,300
livroderomance,300
aequacaoperfeitadoamor,300
autossabotagem,299
crençaslimitantes,299
aceitaçao,299
amissaodeserfeliz,298
jeovannavieira,295
virginiamodida,295
hq,294
alinezouvi,294
dicasdepresentes,286
sentirumpensamento,285
diadoabraco,282
diadoabraço,282
paraaquecerseucoraçao,282
indicaçaodelivros,282
euphoria,279
lasvegas,279
nossomosoclima,277
criseclimatica,277
gestaofinanceira,274
educacaofinanceira,274
sophiademellobreynerandresen,266
musicas,265
apenasumalatinoamericana,265
podercamuflado,264
litaneto,264
fabio,264
umatempestadedeverao,264
castello,264
thealchemist,263
oalquimista,263
oarqueiro,263
paulocoelho,263
cinemanovo,257
lancamentodelivro,257
historiadocinema,257
youngadults,256
ditaduramilitar,253
sescsp,253
territoriosdolembrar,253
pratodomundover,253
sescvilamariana,253
bate,253
enciclopedia,249
conhecimento,249
flip,248
freeco,248
pagu,248
meucorpoquerextensao,248
emilferris,245
minhacoisafavoritaemonstro,245
espaço,245
aprincesaeoqueijoquente,239
ninarizzi,238
umbomchoro,238
rumikotakahashi,236
inuyasha,236
jbc,236
expediçaonebulosa,234
michelecontel,232
relacionamentos,232
amoreseternosdeumdia,232
saopaulo,224
guerradovietna,224
jogodetenis,222
zendaya,222
tenis,222
suicidas,222
challengers,222
diamundialdajuventude,216
terrorismonutricional,211
nutriçao,211
infancia,210
livrosparacrianças,210
acordecoraline,209
estilodevida,202
vivermelhor,202
vivamelhor,202
mariopedrosa,200
arte,200
obracritica,200
criticadearte,200
comedia,199
negocios,199
fronteiras,199
ia,199
aequacaodoamor,198
feira,196
eventos,196
eventoliterario,196
karineasth,194
enemytolovers,191
thestormwemade,189
boasmeninasseafogamemsilencio,184
comosefosseummonstro,173
quebreotetodevidro,173
psiconutri,159
geraçaoansiosa,156
katejarmstrong,150
avesnoturnas,150
herdeirasdomar,144
literaturaasiatica,144
proposito,141
inspiracao,141
teamalex,140
teamcole,140
youngadult,138
investimento,135
oquedanidevefazer,133
oquedarladevefazer,133
poderdasescolhas,133
livrointerativo,133
latitudelivros,129
pineapplestreet,125
umaruanobrooklyn,125
gossipgirl,125
maliburenasce,125
fofoca,125
coelho,121
brinde,121
naoefacilserumcoelho,121
leiturainfantil,121
ninalacour,118
lgbtqiap,117
felipefagundes,117
emmalord,113
dicadepodcast,109
bookfriday,101
citadeleditora,101
top,101
autornacional,101
assessorialiteraria,101
lcagencia,101
marketingparaescritores,101
escritornacional,101
vidadeescritor,101
escritor,101
ansiedadeinfantil,100
atividades,100
terapia,100
vamoslidarcomaansiedade,100
sustentabilidade,99
diadaconscientizaçaodoautismo,91
diadoconsumidor,88
romancegay,87
girlboss,82
personagensfortes,75
bienalsalvador,74
bienalbh,74
protagonismonegro,73
thrillerbooks,71
fypage,69
fy,69
termosliterarios,54
ocentauronojardim,38
leiabrasil,38
comfortbooks,31
livrosmaravilhosos,-1
dicaliteraria,-1
postcolaborativo,-1
instagram,-1
dorama,-1
gl,-1
shemakesmyheartflutter,-1
rs,-1
escolhaumaporta,-1
crushesliterarios,-1
adalyngrace,-1
purpurea,-1
livrodemisterio,-1
youngadultbooks,-1
tevejoontem,-1
reelsliterarios,-1
vreditoras,-1
bookstagrambrasil,-1
bookworm,-1
instagramliterario,-1
romancegotico,-1
oamornaoeobvio,-2
livroslgbtqia,-2
romancelesbico,-2
livrossobreastrologia,-2
geminianos,-2
publidodigao,-2
conectadas,-2
